,Parameter Value,Average Separation Ratio,Maximum Separation Ratio,Maximum Radius,Average Number of Different Clusters,Maximum Number of Different Clusters
Unfair Clustering Method,Scr,0.1385316577111293,23.484091346769393,1.642635041015649,1.4747191011235956,4.0
,Parameter Value,Average Separation Ratio,Maximum Separation Ratio,Average Maximum Radius,Overall Maximum Radius,Average Number of Different Clusters,Maximum Number of Different Clusters
Scale Param 1,0.10266469006347806,0.7626661863618464,4.798743852528161,2.245948833620927,3.578113294206759,1.5220532303370786,2.7327
Scale Param 2,0.41065876025391224,0.6221776204646045,1.7237323048528708,2.818311814783951,6.807986220233911,1.3948342696629215,1.965
Scale Param 3,1.642635041015649,0.2969930591525415,0.6653973672918562,4.028647668410532,7.569946558344448,1.1693280898876404,1.3272
